{"creditscore": 0.01038093247123814, "geography": 0.02878922503255012, "gender": 0.0, "age": 0.16541124777134397, "tenure": 0.005687963322037371, "balance": 0.06700953253390769, "numofproducts": 0.12562540215726112, "hascrcard": 0.0013503731724259268, "isactivemember": 0.06077078182683085, "estimatedsalary": 0.009540991695917}