{"creditscore": -0.3, "geography": 0.3, "gender": 0.10291689360869061, "age": 0.3, "tenure": -0.3, "balance": 0.3, "numofproducts": -0.3, "hascrcard": 0.3, "isactivemember": -0.3, "estimatedsalary": -0.17423663961038677}